"~id",name,RegisteredDate,notification,usercity,~label
1,Colt Bogan II,2010-10-14,Both,Wardburgh,User
2,Webster Sanford,2006-02-03,SMS,Nanniefurt,User
3,Lexie O'Hara,2005-12-18,SMS,Heathcotechester,User
4,Avis Mosciski,2003-03-13,Both,West Lucioshire,User
5,May Shanahan,2013-04-03,Both,New Kristinhaven,User
6,Brice Robel,2014-07-05,SMS,Medhurstmouth,User
7,Giovanna Berge,2012-12-29,Both,New Sibyl,User
8,Waino Ondricka,2007-02-10,Email,Ceceliachester,User
9,Fannie Morar,2007-10-04,SMS,Jaylanton,User
10,Ibrahim Deckow,2004-11-19,Both,Hicklemouth,User
11,Dr. Aida Macejkovic,2013-10-04,Email,Adamsfurt,User
12,Tad Gutmann,2011-01-08,Both,Kareemchester,User
13,Mrs. Sadye Botsford,2012-02-16,Both,Kayville,User
14,Rae Kub,2010-09-22,SMS,Priceside,User
15,Molly Armstrong,2009-12-16,Email,Harberchester,User
16,Everardo Stoltenberg IV,2012-12-08,SMS,Franeckistad,User
17,Lela Wisozk MD,2007-05-02,Email,Emmetbury,User
18,Mr. Dejuan Witting,2011-11-01,SMS,West Zita,User
19,Vince Stark,2004-07-05,Both,Port Mathewland,User
20,Anthony Lesch,2012-03-16,Email,Port Aurelio,User
21,Dejah Schinner,2004-07-21,Both,North Wiley,User
22,Major Williamson,2004-03-22,Email,North Imeldaville,User
23,Maeve Fahey,2003-07-13,Email,South Johnny,User
24,Dusty Okuneva,2004-02-05,Both,Imanimouth,User
25,Ada Hilpert,2006-08-09,SMS,Manteview,User
26,Jordyn Beatty,2008-08-07,SMS,Gleasonberg,User
27,Julianne Goodwin,2010-07-23,SMS,Dickinsonstad,User
28,Jedidiah Gutkowski,2012-10-15,SMS,Clementinestad,User
29,Theo Rowe,2012-10-29,Both,Goyetteport,User
30,Miss Myriam McDermott,2009-01-26,Both,Arnaldoside,User
31,Carleton Windler,2007-10-29,SMS,New Skyla,User
32,Friedrich Bartoletti,2003-02-13,Email,Lake Justine,User
33,Raphaelle Altenwerth PhD,2009-04-18,Email,East Lauryborough,User
34,Pat Rohan,2010-08-16,Both,Maymiemouth,User
35,Pat Powlowski,2005-05-06,Both,Handberg,User
36,Josh Kerluke,2013-09-15,Both,Gorczanyhaven,User
37,Nathanael Mills,2008-06-07,Email,South Fermin,User
38,Wilburn Schaefer V,2013-01-16,SMS,Robertamouth,User
39,Jenifer Raynor,2004-04-06,SMS,South Evan,User
40,Dannie Pollich,2004-07-20,SMS,Veumborough,User
41,Jordane Stracke,2007-04-27,Both,West Reagan,User
42,Hobart Berge,2012-10-14,Both,Port Odie,User
43,Alexandra Cummerata,2004-03-29,Email,Port Zora,User
44,Eldon Schamberger,2013-06-17,Email,Pfannerstillland,User
45,Mrs. Deanna Runolfsdottir,2011-07-11,Both,New Kelvinport,User
46,Armando Treutel,2012-08-05,SMS,Grantland,User
47,Kylie Bins,2006-10-23,SMS,Port Eliane,User
48,Ms. Jailyn Steuber,2008-08-25,SMS,Kaelaview,User
49,Clementine Altenwerth,2003-08-25,Email,Wisokytown,User
50,Audra Kilback,2011-01-09,SMS,East Omabury,User
51,Meghan Murazik,2012-06-30,Email,Zitamouth,User
52,Elisabeth Kub,2003-11-19,Email,Parisianfurt,User
53,Larissa Schroeder,2010-07-29,SMS,Hoseaport,User
54,Keven Eichmann DVM,2008-03-26,Both,Zionburgh,User
55,Gregoria Kemmer,2011-09-10,Email,Lake Raoulhaven,User
56,Ms. Ruth Gulgowski,2008-02-20,Email,Abshireland,User
57,Royal Fisher,2010-11-21,Email,Dionfort,User
58,Gail Feest V,2009-09-22,Email,South Alphonso,User
59,Johnson West,2009-04-26,Both,Maggioside,User
60,Verlie Herman,2014-09-19,SMS,Inesport,User
61,Gene Schoen,2011-02-04,Email,New Katlyn,User
62,Casper Bayer,2009-02-08,SMS,West Laila,User
63,Wilhelmine Konopelski,2013-09-08,SMS,North Annaburgh,User
64,Gene Tillman II,2007-02-16,Email,Makenziemouth,User
65,Matteo Lockman,2012-07-30,Both,East Teaganmouth,User
66,Demarco Marquardt DVM,2004-10-05,Email,Gildaland,User
67,Elza Stroman,2004-03-24,Both,Mertieside,User
68,Lelah Cummings,2013-08-26,Both,Leonorshire,User
69,Della Nitzsche,2003-08-26,SMS,Aufderharville,User
70,Mrs. Jamie Conroy,2011-12-06,Both,Liahaven,User
71,Freddie Goodwin DVM,2003-04-23,SMS,Bayerberg,User
72,Jadyn Leffler,2007-03-27,SMS,Lake Luluton,User
73,Mrs. Johathan Hilpert,2006-04-21,Both,North Baron,User
74,Mr. Emilio Durgan,2008-04-19,Email,Kreigerland,User
75,Eloy Kutch,2003-05-01,SMS,Angeloside,User
76,Miss Tyler Keeling,2011-06-05,Both,North Trystan,User
77,Isabelle Smith,2006-12-01,Email,Weberbury,User
78,Lisette Bernier DDS,2008-11-18,Both,Lake Beatrice,User
79,Miss Freda Monahan,2014-03-24,Email,Lake Elainaland,User
80,Fatima Ruecker,2010-06-18,Email,Wilfordmouth,User
81,Kole Kemmer,2004-05-21,SMS,New Everetteland,User
82,Miss Moriah Collins,2003-11-28,SMS,Tevinburgh,User
83,Mr. Lydia Skiles,2005-08-03,Email,East Winona,User
84,Mr. Velva Feest,2011-01-05,Email,Port Kayabury,User
85,Mariane Streich,2011-09-14,Both,New Stanford,User
86,Jadyn Prosacco,2005-06-06,Both,East Odaview,User
87,Ms. Brennon Raynor,2009-02-14,Both,Jakubowskimouth,User
88,Angelo Herman,2012-08-12,Both,Beerland,User
89,Isabell Walker,2010-02-27,Both,Huelsshire,User
90,Ernest Stracke,2004-12-27,Email,Strosinside,User
91,Mr. Nia O'Kon,2009-10-22,Both,East Macey,User
92,Landen Yost,2009-05-31,Email,New Vivien,User
93,Branson McLaughlin,2009-07-14,Both,Deliatown,User
94,Ms. Zoila Murazik,2008-10-25,Both,Lake Maiaborough,User
95,Rory Connelly DVM,2008-11-06,Both,Lake Antonio,User
96,Elian McClure,2004-10-28,SMS,Travontown,User
97,Juwan Little,2014-08-11,Both,Lake Jonathanshire,User
98,Otto Rutherford,2006-03-20,Both,North Nataliatown,User
99,Leo Christiansen,2011-11-07,Both,West Ryleehaven,User
100,Murl Walter,2004-03-16,Both,Funkburgh,User
101,Carmel Labadie,2008-08-12,SMS,Lake Arthurton,User
102,Deonte Barrows IV,2009-11-06,Email,Westleyland,User
103,Zoe Braun,2013-08-17,SMS,Mozellshire,User
104,Dr. Jessy Nolan,2005-02-26,Both,Brennonchester,User
105,Ubaldo Murray,2003-03-29,Both,North Crystel,User
106,Jasen Marks,2010-06-09,Both,North Dannietown,User
107,Tessie Zemlak,2006-12-29,Both,Elyssaland,User
108,Mack Turcotte,2003-08-25,Both,West Damonside,User
109,Ransom Gleichner,2007-11-09,SMS,Nicolastad,User
110,Gardner Armstrong,2010-01-20,SMS,Lake Cordell,User
111,Chelsie Altenwerth,2009-11-23,Both,East Shirleyshire,User
112,Emiliano Farrell I,2013-10-10,Email,Kaleighstad,User
113,Dr. Immanuel Rutherford,2004-01-25,Both,New Adriel,User
114,Bryon Runte,2011-06-08,Both,South Robbberg,User
115,Nelson Durgan,2008-02-16,SMS,Port Korbin,User
116,Aylin White V,2013-11-19,Email,Port Xzavier,User
117,Colin Shanahan,2012-03-24,Email,Alishaville,User
118,Kirstin Green,2011-12-24,Both,Port Douglasport,User
119,Aimee King V,2005-03-28,SMS,East Kaleigh,User
120,Jewel Bahringer,2004-04-27,Email,North Vergiehaven,User
121,Zula Lehner,2003-05-27,SMS,Thompsontown,User
122,Mrs. Naomie Dickens,2008-11-19,SMS,East Izaiah,User
123,Ayden O'Keefe,2007-09-23,SMS,Lourdeshaven,User
124,Devante Towne,2012-08-17,Both,New Altamouth,User
125,Kelton Monahan,2007-01-04,Email,Maverickstad,User
126,Alberta Cormier,2008-03-07,SMS,Gutmannburgh,User
127,Andres Crist PhD,2006-08-22,SMS,Effertzbury,User
128,Samir Hessel,2003-07-23,SMS,Port Maya,User
129,Jazmyne Glover,2003-10-18,SMS,Farrellstad,User
130,Arden Collins,2010-10-31,SMS,East Reggie,User
131,Filiberto Osinski,2010-07-28,SMS,Assuntaport,User
132,Tom Kling,2009-09-11,Email,Kulasside,User
133,Miss Candice Haley,2009-07-09,Email,Fredymouth,User
134,Aracely Streich,2005-08-28,SMS,Krisport,User
135,Wade Turcotte,2004-11-17,SMS,North Arjun,User
136,Loraine Pagac,2009-06-19,Email,Kristopherberg,User
137,Omer Walter,2013-01-14,SMS,O'Keefeview,User
138,Rubye Witting,2009-05-04,Email,Port Era,User
139,Willie Ruecker,2006-07-15,Both,East Garnet,User
140,Evan Powlowski,2004-06-30,Both,West Eleonore,User
141,Mr. Adolphus Cormier,2014-08-04,Both,Douglasberg,User
142,Vesta Pouros,2012-12-06,Email,Powlowskiview,User
143,Nyasia Daniel,2005-07-07,Both,Biankachester,User
144,Hipolito Jacobi,2007-09-24,SMS,South Edwin,User
145,Leif Heathcote IV,2005-12-25,Email,East Damienfort,User
146,Schuyler Rohan Jr.,2012-11-04,SMS,Mekhiview,User
147,Guadalupe Farrell,2010-05-03,Both,Port Samarachester,User
148,Della Aufderhar,2012-02-27,Both,Myrnachester,User
149,Mrs. Devan Schulist,2014-07-24,Both,West Jonathonmouth,User
150,Lulu Yundt,2006-04-17,SMS,West Tia,User
