"~id",~label,~from,~to,Date:Date
User130TweetsTweet494,Tweets,130,494,2016-06-17
User12TweetsTweet591,Tweets,12,591,2016-03-13
User131TweetsTweet437,Tweets,131,437,2017-01-13
User124TweetsTweet1600,Tweets,124,1600,2015-05-07
User10TweetsTweet1244,Tweets,10,1244,2017-03-02
User130TweetsTweet1473,Tweets,130,1473,2017-07-11
User12TweetsTweet1543,Tweets,12,1543,2017-02-18
User119TweetsTweet265,Tweets,119,265,2016-07-14
User63TweetsTweet442,Tweets,63,442,2017-03-30
User108TweetsTweet1385,Tweets,108,1385,2016-09-24
User144TweetsTweet998,Tweets,144,998,2017-10-28
User98TweetsTweet886,Tweets,98,886,2017-11-04
User58TweetsTweet244,Tweets,58,244,2017-05-31
User19TweetsTweet824,Tweets,19,824,2016-02-09
User120TweetsTweet1260,Tweets,120,1260,2016-05-24
User16TweetsTweet746,Tweets,16,746,2015-03-23
User5TweetsTweet1220,Tweets,5,1220,2015-02-23
User65TweetsTweet1229,Tweets,65,1229,2015-09-06
User53TweetsTweet1203,Tweets,53,1203,2016-02-29
User142TweetsTweet1021,Tweets,142,1021,2016-02-03
User94TweetsTweet459,Tweets,94,459,2016-06-19
User71TweetsTweet682,Tweets,71,682,2017-12-13
User23TweetsTweet526,Tweets,23,526,2016-12-01
User125TweetsTweet501,Tweets,125,501,2015-04-17
User88TweetsTweet1310,Tweets,88,1310,2016-11-29
User79TweetsTweet560,Tweets,79,560,2016-01-17
User63TweetsTweet1440,Tweets,63,1440,2015-03-19
User116TweetsTweet941,Tweets,116,941,2017-10-28
User96TweetsTweet1139,Tweets,96,1139,2016-07-19
User111TweetsTweet905,Tweets,111,905,2016-02-05
User130TweetsTweet231,Tweets,130,231,2015-03-11
User62TweetsTweet1397,Tweets,62,1397,2016-10-21
User26TweetsTweet1233,Tweets,26,1233,2015-04-26
User8TweetsTweet449,Tweets,8,449,2017-12-04
User62TweetsTweet1522,Tweets,62,1522,2015-02-26
User113TweetsTweet753,Tweets,113,753,2016-05-23
User56TweetsTweet776,Tweets,56,776,2016-04-08
User137TweetsTweet1375,Tweets,137,1375,2015-09-29
User62TweetsTweet616,Tweets,62,616,2015-09-13
User107TweetsTweet932,Tweets,107,932,2017-07-29
User85TweetsTweet529,Tweets,85,529,2015-03-19
User7TweetsTweet1009,Tweets,7,1009,2016-06-25
User100TweetsTweet667,Tweets,100,667,2015-05-15
User98TweetsTweet1091,Tweets,98,1091,2017-05-25
User17TweetsTweet958,Tweets,17,958,2016-06-24
User21TweetsTweet537,Tweets,21,537,2015-12-22
User74TweetsTweet1502,Tweets,74,1502,2015-06-20
User129TweetsTweet375,Tweets,129,375,2017-08-14
User49TweetsTweet894,Tweets,49,894,2015-02-22
User64TweetsTweet1562,Tweets,64,1562,2016-11-01
User114TweetsTweet1393,Tweets,114,1393,2017-05-19
User24TweetsTweet1520,Tweets,24,1520,2015-10-04
User46TweetsTweet1189,Tweets,46,1189,2017-11-27
User126TweetsTweet503,Tweets,126,503,2016-03-19
User72TweetsTweet1312,Tweets,72,1312,2017-06-20
User56TweetsTweet1447,Tweets,56,1447,2017-07-09
User96TweetsTweet242,Tweets,96,242,2016-04-12
User113TweetsTweet1333,Tweets,113,1333,2015-09-24
User34TweetsTweet742,Tweets,34,742,2015-07-27
User21TweetsTweet904,Tweets,21,904,2016-06-24
User59TweetsTweet563,Tweets,59,563,2016-03-31
User113TweetsTweet557,Tweets,113,557,2017-03-03
User130TweetsTweet342,Tweets,130,342,2017-03-19
User11TweetsTweet470,Tweets,11,470,2016-07-18
User70TweetsTweet727,Tweets,70,727,2017-05-10
User88TweetsTweet263,Tweets,88,263,2017-09-28
User22TweetsTweet976,Tweets,22,976,2015-04-13
User134TweetsTweet987,Tweets,134,987,2015-06-18
User133TweetsTweet732,Tweets,133,732,2017-10-17
User58TweetsTweet1318,Tweets,58,1318,2015-10-10
User68TweetsTweet1155,Tweets,68,1155,2016-10-30
User69TweetsTweet1049,Tweets,69,1049,2017-04-18
User43TweetsTweet1063,Tweets,43,1063,2015-08-10
User58TweetsTweet1200,Tweets,58,1200,2017-08-06
User123TweetsTweet1169,Tweets,123,1169,2015-06-29
User24TweetsTweet940,Tweets,24,940,2017-09-12
User52TweetsTweet1482,Tweets,52,1482,2016-05-03
User40TweetsTweet660,Tweets,40,660,2016-10-23
User36TweetsTweet170,Tweets,36,170,2016-12-28
User29TweetsTweet864,Tweets,29,864,2015-08-23
User46TweetsTweet1563,Tweets,46,1563,2017-05-31
User116TweetsTweet1171,Tweets,116,1171,2016-10-15
User103TweetsTweet1341,Tweets,103,1341,2017-08-06
User20TweetsTweet913,Tweets,20,913,2015-04-06
User80TweetsTweet471,Tweets,80,471,2015-12-22
User109TweetsTweet1319,Tweets,109,1319,2015-04-09
User32TweetsTweet1415,Tweets,32,1415,2015-05-24
User6TweetsTweet546,Tweets,6,546,2017-01-06
User145TweetsTweet393,Tweets,145,393,2015-11-01
User71TweetsTweet272,Tweets,71,272,2017-06-07
User35TweetsTweet228,Tweets,35,228,2017-10-17
User105TweetsTweet714,Tweets,105,714,2017-04-09
User10TweetsTweet178,Tweets,10,178,2015-03-24
User15TweetsTweet1521,Tweets,15,1521,2016-11-06
User135TweetsTweet581,Tweets,135,581,2016-02-25
User132TweetsTweet1069,Tweets,132,1069,2017-03-15
User69TweetsTweet224,Tweets,69,224,2016-08-30
User86TweetsTweet236,Tweets,86,236,2015-06-21
User70TweetsTweet934,Tweets,70,934,2016-12-04
User27TweetsTweet755,Tweets,27,755,2017-10-12
User45TweetsTweet295,Tweets,45,295,2017-07-19
User131TweetsTweet285,Tweets,131,285,2017-09-28
User126TweetsTweet1190,Tweets,126,1190,2015-05-27
User90TweetsTweet1628,Tweets,90,1628,2016-05-08
User8TweetsTweet1514,Tweets,8,1514,2015-11-26
User74TweetsTweet1342,Tweets,74,1342,2016-06-18
User89TweetsTweet1175,Tweets,89,1175,2017-01-11
User127TweetsTweet1181,Tweets,127,1181,2016-01-04
User133TweetsTweet1316,Tweets,133,1316,2017-07-29
User147TweetsTweet775,Tweets,147,775,2016-09-08
User86TweetsTweet889,Tweets,86,889,2017-03-01
User84TweetsTweet465,Tweets,84,465,2016-01-21
User46TweetsTweet256,Tweets,46,256,2016-03-12
User54TweetsTweet1484,Tweets,54,1484,2016-09-10
User59TweetsTweet1191,Tweets,59,1191,2016-03-29
User115TweetsTweet829,Tweets,115,829,2015-07-21
User112TweetsTweet583,Tweets,112,583,2017-08-26
User38TweetsTweet1064,Tweets,38,1064,2016-10-27
User139TweetsTweet257,Tweets,139,257,2015-03-23
User71TweetsTweet1010,Tweets,71,1010,2017-12-01
User58TweetsTweet504,Tweets,58,504,2017-07-27
User39TweetsTweet594,Tweets,39,594,2017-10-30
User130TweetsTweet857,Tweets,130,857,2015-08-26
User91TweetsTweet1026,Tweets,91,1026,2015-03-25
User33TweetsTweet267,Tweets,33,267,2017-02-06
User125TweetsTweet1510,Tweets,125,1510,2017-02-18
User108TweetsTweet1096,Tweets,108,1096,2017-02-02
User30TweetsTweet1555,Tweets,30,1555,2016-06-26
User73TweetsTweet326,Tweets,73,326,2015-03-19
User61TweetsTweet558,Tweets,61,558,2015-12-18
User18TweetsTweet1327,Tweets,18,1327,2015-02-06
User27TweetsTweet930,Tweets,27,930,2016-07-24
User110TweetsTweet617,Tweets,110,617,2017-03-29
User104TweetsTweet1377,Tweets,104,1377,2015-05-07
User56TweetsTweet369,Tweets,56,369,2015-04-07
User16TweetsTweet1648,Tweets,16,1648,2015-03-18
User17TweetsTweet1420,Tweets,17,1420,2016-03-09
User46TweetsTweet988,Tweets,46,988,2016-05-27
User42TweetsTweet684,Tweets,42,684,2017-06-29
User23TweetsTweet854,Tweets,23,854,2017-01-10
User35TweetsTweet1140,Tweets,35,1140,2015-04-19
User25TweetsTweet1575,Tweets,25,1575,2017-11-27
User114TweetsTweet266,Tweets,114,266,2015-05-28
User28TweetsTweet928,Tweets,28,928,2016-06-11
User11TweetsTweet184,Tweets,11,184,2017-02-26
User148TweetsTweet646,Tweets,148,646,2017-10-04
User139TweetsTweet1604,Tweets,139,1604,2016-11-01
User1TweetsTweet1353,Tweets,1,1353,2017-10-25
User43TweetsTweet234,Tweets,43,234,2015-05-29
User104TweetsTweet649,Tweets,104,649,2017-09-08
User73TweetsTweet155,Tweets,73,155,2015-10-22
User101TweetsTweet1245,Tweets,101,1245,2015-05-08
User81TweetsTweet705,Tweets,81,705,2015-11-07
User103TweetsTweet906,Tweets,103,906,2016-07-02
User38TweetsTweet366,Tweets,38,366,2016-04-03
User102TweetsTweet1025,Tweets,102,1025,2016-06-24
User129TweetsTweet1364,Tweets,129,1364,2016-05-18
User85TweetsTweet1574,Tweets,85,1574,2017-02-01
User59TweetsTweet597,Tweets,59,597,2015-07-06
User87TweetsTweet1568,Tweets,87,1568,2016-03-29
User133TweetsTweet431,Tweets,133,431,2016-04-21
User43TweetsTweet336,Tweets,43,336,2016-03-17
User115TweetsTweet1534,Tweets,115,1534,2015-09-03
User92TweetsTweet1336,Tweets,92,1336,2016-03-19
User146TweetsTweet315,Tweets,146,315,2016-06-19
User74TweetsTweet251,Tweets,74,251,2016-03-17
User105TweetsTweet979,Tweets,105,979,2016-05-01
User49TweetsTweet186,Tweets,49,186,2015-06-17
User78TweetsTweet283,Tweets,78,283,2017-04-27
User108TweetsTweet895,Tweets,108,895,2016-05-23
User41TweetsTweet1451,Tweets,41,1451,2017-06-04
User89TweetsTweet235,Tweets,89,235,2017-11-19
User113TweetsTweet456,Tweets,113,456,2015-07-02
User84TweetsTweet472,Tweets,84,472,2016-04-27
User50TweetsTweet789,Tweets,50,789,2016-09-14
User73TweetsTweet1582,Tweets,73,1582,2017-04-02
User132TweetsTweet320,Tweets,132,320,2016-07-03
User44TweetsTweet1032,Tweets,44,1032,2017-08-08
User44TweetsTweet1215,Tweets,44,1215,2017-04-01
User126TweetsTweet1050,Tweets,126,1050,2016-11-16
User85TweetsTweet1616,Tweets,85,1616,2015-10-14
User92TweetsTweet207,Tweets,92,207,2016-12-11
User115TweetsTweet415,Tweets,115,415,2017-07-30
User2TweetsTweet900,Tweets,2,900,2017-05-27
User37TweetsTweet1000,Tweets,37,1000,2017-10-24
User5TweetsTweet1249,Tweets,5,1249,2016-08-16
User67TweetsTweet997,Tweets,67,997,2016-11-13
User108TweetsTweet772,Tweets,108,772,2015-06-12
User86TweetsTweet1386,Tweets,86,1386,2015-07-01
User13TweetsTweet806,Tweets,13,806,2016-09-20
User65TweetsTweet607,Tweets,65,607,2017-07-09
User82TweetsTweet1383,Tweets,82,1383,2017-01-03
User43TweetsTweet168,Tweets,43,168,2016-05-01
User112TweetsTweet1057,Tweets,112,1057,2016-10-08
User68TweetsTweet241,Tweets,68,241,2015-01-26
User140TweetsTweet689,Tweets,140,689,2016-09-11
User110TweetsTweet925,Tweets,110,925,2015-09-15
User148TweetsTweet948,Tweets,148,948,2016-05-15
User122TweetsTweet1497,Tweets,122,1497,2015-09-11
User84TweetsTweet623,Tweets,84,623,2017-12-14
User125TweetsTweet1606,Tweets,125,1606,2015-05-17
User49TweetsTweet406,Tweets,49,406,2017-05-02
User10TweetsTweet625,Tweets,10,625,2017-12-18
User146TweetsTweet699,Tweets,146,699,2017-06-09
User83TweetsTweet1328,Tweets,83,1328,2017-06-11
User139TweetsTweet412,Tweets,139,412,2017-05-04
User66TweetsTweet1150,Tweets,66,1150,2015-09-21
User24TweetsTweet715,Tweets,24,715,2016-06-27
User125TweetsTweet704,Tweets,125,704,2017-08-01
User79TweetsTweet1020,Tweets,79,1020,2016-02-10
User30TweetsTweet1407,Tweets,30,1407,2015-02-17
User3TweetsTweet805,Tweets,3,805,2017-12-17
User75TweetsTweet847,Tweets,75,847,2016-07-13
User35TweetsTweet556,Tweets,35,556,2016-12-20
User100TweetsTweet1259,Tweets,100,1259,2017-04-22
User101TweetsTweet778,Tweets,101,778,2016-09-15
User67TweetsTweet589,Tweets,67,589,2015-08-22
User44TweetsTweet1223,Tweets,44,1223,2016-06-27
User99TweetsTweet203,Tweets,99,203,2015-12-13
User132TweetsTweet1111,Tweets,132,1111,2016-06-23
User127TweetsTweet595,Tweets,127,595,2016-06-05
User123TweetsTweet1303,Tweets,123,1303,2015-11-16
User132TweetsTweet564,Tweets,132,564,2017-02-17
User13TweetsTweet1644,Tweets,13,1644,2016-11-02
User36TweetsTweet1411,Tweets,36,1411,2017-04-21
User75TweetsTweet1176,Tweets,75,1176,2017-07-07
User107TweetsTweet341,Tweets,107,341,2017-09-27
User122TweetsTweet1257,Tweets,122,1257,2017-11-22
User50TweetsTweet996,Tweets,50,996,2017-11-09
User138TweetsTweet204,Tweets,138,204,2015-09-30
User32TweetsTweet395,Tweets,32,395,2017-01-20
User124TweetsTweet751,Tweets,124,751,2017-07-16
User43TweetsTweet383,Tweets,43,383,2015-07-20
User34TweetsTweet218,Tweets,34,218,2015-12-14
User83TweetsTweet631,Tweets,83,631,2017-11-09
User98TweetsTweet545,Tweets,98,545,2015-07-10
User12TweetsTweet1612,Tweets,12,1612,2015-04-09
User106TweetsTweet1056,Tweets,106,1056,2017-07-01
User112TweetsTweet433,Tweets,112,433,2015-10-17
User28TweetsTweet1358,Tweets,28,1358,2015-01-29
User16TweetsTweet1620,Tweets,16,1620,2017-08-09
User15TweetsTweet577,Tweets,15,577,2015-08-03
User103TweetsTweet618,Tweets,103,618,2016-07-09
User146TweetsTweet171,Tweets,146,171,2015-09-22
User106TweetsTweet596,Tweets,106,596,2017-11-14
User104TweetsTweet1228,Tweets,104,1228,2017-01-14
User118TweetsTweet794,Tweets,118,794,2016-07-24
User80TweetsTweet1527,Tweets,80,1527,2017-12-28
User119TweetsTweet816,Tweets,119,816,2017-11-03
User144TweetsTweet964,Tweets,144,964,2015-12-25
User99TweetsTweet1201,Tweets,99,1201,2015-03-14
User98TweetsTweet685,Tweets,98,685,2017-12-10
User11TweetsTweet730,Tweets,11,730,2015-03-31
User143TweetsTweet1546,Tweets,143,1546,2017-10-08
User131TweetsTweet221,Tweets,131,221,2016-04-15
User118TweetsTweet1212,Tweets,118,1212,2015-05-25
User61TweetsTweet1382,Tweets,61,1382,2015-09-12
User28TweetsTweet1505,Tweets,28,1505,2016-04-21
User129TweetsTweet1248,Tweets,129,1248,2016-07-15
User65TweetsTweet1197,Tweets,65,1197,2016-04-16
User14TweetsTweet1343,Tweets,14,1343,2016-08-21
User115TweetsTweet1590,Tweets,115,1590,2016-07-02
User50TweetsTweet455,Tweets,50,455,2017-02-11
User81TweetsTweet339,Tweets,81,339,2015-04-26
User60TweetsTweet1092,Tweets,60,1092,2017-11-25
User93TweetsTweet892,Tweets,93,892,2017-10-20
User8TweetsTweet280,Tweets,8,280,2016-01-05
User69TweetsTweet304,Tweets,69,304,2017-12-03
User136TweetsTweet351,Tweets,136,351,2016-11-04
User22TweetsTweet474,Tweets,22,474,2017-09-12
User67TweetsTweet741,Tweets,67,741,2015-05-11
User20TweetsTweet496,Tweets,20,496,2015-04-07
User13TweetsTweet1357,Tweets,13,1357,2017-12-22
User1TweetsTweet1058,Tweets,1,1058,2016-09-04
User72TweetsTweet750,Tweets,72,750,2017-11-10
User70TweetsTweet819,Tweets,70,819,2015-04-18
User143TweetsTweet1530,Tweets,143,1530,2017-04-14
User59TweetsTweet1540,Tweets,59,1540,2016-10-01
User5TweetsTweet674,Tweets,5,674,2017-07-26
User49TweetsTweet1561,Tweets,49,1561,2015-05-10
User136TweetsTweet1596,Tweets,136,1596,2015-05-03
User120TweetsTweet762,Tweets,120,762,2017-07-03
User86TweetsTweet1512,Tweets,86,1512,2016-03-01
User99TweetsTweet573,Tweets,99,573,2016-02-24
User2TweetsTweet881,Tweets,2,881,2015-12-09
User101TweetsTweet703,Tweets,101,703,2017-07-02
User24TweetsTweet579,Tweets,24,579,2017-06-26
User123TweetsTweet484,Tweets,123,484,2017-08-05
User58TweetsTweet1240,Tweets,58,1240,2016-11-24
User88TweetsTweet1298,Tweets,88,1298,2016-10-22
User21TweetsTweet334,Tweets,21,334,2015-09-01
User116TweetsTweet1423,Tweets,116,1423,2015-02-04
User115TweetsTweet1526,Tweets,115,1526,2017-02-15
User83TweetsTweet337,Tweets,83,337,2017-03-25
User52TweetsTweet671,Tweets,52,671,2016-01-04
User108TweetsTweet177,Tweets,108,177,2015-06-03
User90TweetsTweet1523,Tweets,90,1523,2016-11-26
User20TweetsTweet943,Tweets,20,943,2016-07-30
User132TweetsTweet1479,Tweets,132,1479,2017-05-09
User80TweetsTweet752,Tweets,80,752,2017-01-18
User35TweetsTweet1241,Tweets,35,1241,2017-05-19
User141TweetsTweet691,Tweets,141,691,2016-05-09
User48TweetsTweet1221,Tweets,48,1221,2015-10-18
User34TweetsTweet823,Tweets,34,823,2015-05-24
User18TweetsTweet1207,Tweets,18,1207,2016-11-02
User123TweetsTweet830,Tweets,123,830,2015-06-06
User114TweetsTweet781,Tweets,114,781,2016-12-09
User101TweetsTweet1591,Tweets,101,1591,2015-11-04
User125TweetsTweet273,Tweets,125,273,2017-08-07
User107TweetsTweet1105,Tweets,107,1105,2017-07-20
User137TweetsTweet814,Tweets,137,814,2016-12-23
User21TweetsTweet982,Tweets,21,982,2015-10-16
User127TweetsTweet1278,Tweets,127,1278,2016-06-19
User63TweetsTweet1614,Tweets,63,1614,2016-10-04
User106TweetsTweet942,Tweets,106,942,2016-11-19
User145TweetsTweet1088,Tweets,145,1088,2016-01-08
User56TweetsTweet679,Tweets,56,679,2016-10-27
User54TweetsTweet237,Tweets,54,237,2016-08-10
User105TweetsTweet720,Tweets,105,720,2017-07-06
User116TweetsTweet936,Tweets,116,936,2017-11-09
User86TweetsTweet1289,Tweets,86,1289,2015-07-24
User45TweetsTweet1324,Tweets,45,1324,2016-08-29
User140TweetsTweet572,Tweets,140,572,2015-04-05
User82TweetsTweet665,Tweets,82,665,2017-02-01
User15TweetsTweet514,Tweets,15,514,2016-04-17
User31TweetsTweet1309,Tweets,31,1309,2015-12-12
User142TweetsTweet1488,Tweets,142,1488,2015-10-19
User112TweetsTweet423,Tweets,112,423,2016-03-04
User103TweetsTweet1275,Tweets,103,1275,2017-12-23
User83TweetsTweet181,Tweets,83,181,2015-09-15
User47TweetsTweet797,Tweets,47,797,2015-04-10
User123TweetsTweet907,Tweets,123,907,2017-09-04
User102TweetsTweet888,Tweets,102,888,2017-08-27
User65TweetsTweet282,Tweets,65,282,2017-12-22
User127TweetsTweet1237,Tweets,127,1237,2016-05-23
User23TweetsTweet1078,Tweets,23,1078,2017-01-11
User144TweetsTweet817,Tweets,144,817,2016-06-25
User124TweetsTweet271,Tweets,124,271,2016-04-10
User82TweetsTweet1097,Tweets,82,1097,2016-01-14
User63TweetsTweet590,Tweets,63,590,2017-08-24
User106TweetsTweet387,Tweets,106,387,2017-08-02
User21TweetsTweet1061,Tweets,21,1061,2015-11-29
User95TweetsTweet1401,Tweets,95,1401,2015-04-26
User68TweetsTweet1235,Tweets,68,1235,2017-02-24
User124TweetsTweet1108,Tweets,124,1108,2015-10-18
User59TweetsTweet345,Tweets,59,345,2017-12-29
User28TweetsTweet1128,Tweets,28,1128,2017-11-02
User27TweetsTweet1598,Tweets,27,1598,2016-06-07
User17TweetsTweet347,Tweets,17,347,2017-03-23
User126TweetsTweet426,Tweets,126,426,2016-12-11
User57TweetsTweet297,Tweets,57,297,2016-02-29
User27TweetsTweet229,Tweets,27,229,2016-05-22
User52TweetsTweet1193,Tweets,52,1193,2016-02-03
User13TweetsTweet1024,Tweets,13,1024,2016-03-12
User147TweetsTweet1432,Tweets,147,1432,2015-05-20
User149TweetsTweet1532,Tweets,149,1532,2015-07-05
User7TweetsTweet1100,Tweets,7,1100,2017-08-03
User55TweetsTweet643,Tweets,55,643,2017-02-23
User52TweetsTweet1294,Tweets,52,1294,2017-09-22
User100TweetsTweet859,Tweets,100,859,2017-03-14
User30TweetsTweet580,Tweets,30,580,2016-03-29
User47TweetsTweet961,Tweets,47,961,2016-06-16
User102TweetsTweet1265,Tweets,102,1265,2017-02-17
User41TweetsTweet281,Tweets,41,281,2016-12-27
User69TweetsTweet540,Tweets,69,540,2015-09-26
User31TweetsTweet1161,Tweets,31,1161,2016-05-17
User47TweetsTweet1594,Tweets,47,1594,2015-10-14
User134TweetsTweet310,Tweets,134,310,2015-09-12
User146TweetsTweet1308,Tweets,146,1308,2017-07-17
User20TweetsTweet1300,Tweets,20,1300,2017-05-25
User39TweetsTweet1282,Tweets,39,1282,2015-12-09
User73TweetsTweet1557,Tweets,73,1557,2017-11-27
User100TweetsTweet508,Tweets,100,508,2017-03-19
User51TweetsTweet962,Tweets,51,962,2016-04-08
User101TweetsTweet169,Tweets,101,169,2016-10-13
User89TweetsTweet1251,Tweets,89,1251,2015-02-11
User52TweetsTweet1640,Tweets,52,1640,2017-07-15
User83TweetsTweet1387,Tweets,83,1387,2016-04-14
User145TweetsTweet845,Tweets,145,845,2017-02-09
User46TweetsTweet821,Tweets,46,821,2015-04-28
User143TweetsTweet842,Tweets,143,842,2016-08-07
User9TweetsTweet1406,Tweets,9,1406,2017-04-19
User7TweetsTweet1429,Tweets,7,1429,2016-12-24
User128TweetsTweet1605,Tweets,128,1605,2015-04-04
User141TweetsTweet1580,Tweets,141,1580,2015-06-06
User45TweetsTweet1011,Tweets,45,1011,2016-02-04
User74TweetsTweet438,Tweets,74,438,2015-07-22
User52TweetsTweet974,Tweets,52,974,2015-08-08
User96TweetsTweet1507,Tweets,96,1507,2016-09-10
User125TweetsTweet1645,Tweets,125,1645,2015-03-01
User138TweetsTweet289,Tweets,138,289,2016-07-28
User84TweetsTweet1597,Tweets,84,1597,2016-10-05
User47TweetsTweet1090,Tweets,47,1090,2017-06-27
User121TweetsTweet1443,Tweets,121,1443,2015-08-18
User114TweetsTweet1132,Tweets,114,1132,2015-08-17
User138TweetsTweet1118,Tweets,138,1118,2016-01-30
User101TweetsTweet602,Tweets,101,602,2017-11-13
User74TweetsTweet346,Tweets,74,346,2015-04-21
User69TweetsTweet786,Tweets,69,786,2017-10-15
User139TweetsTweet807,Tweets,139,807,2015-07-16
User69TweetsTweet582,Tweets,69,582,2017-03-28
User122TweetsTweet306,Tweets,122,306,2016-04-13
User35TweetsTweet259,Tweets,35,259,2016-04-12
User53TweetsTweet368,Tweets,53,368,2017-01-28
User147TweetsTweet1022,Tweets,147,1022,2016-08-28
User98TweetsTweet947,Tweets,98,947,2015-04-07
User31TweetsTweet897,Tweets,31,897,2015-07-03
User52TweetsTweet621,Tweets,52,621,2017-03-17
User89TweetsTweet592,Tweets,89,592,2015-03-29
User115TweetsTweet303,Tweets,115,303,2016-11-06
User11TweetsTweet1374,Tweets,11,1374,2015-05-20
User100TweetsTweet1452,Tweets,100,1452,2017-10-25
User15TweetsTweet532,Tweets,15,532,2015-08-13
User115TweetsTweet1417,Tweets,115,1417,2016-06-09
User6TweetsTweet554,Tweets,6,554,2017-07-26
User129TweetsTweet1290,Tweets,129,1290,2016-02-03
User89TweetsTweet1076,Tweets,89,1076,2015-11-20
User37TweetsTweet1068,Tweets,37,1068,2015-05-26
User111TweetsTweet1129,Tweets,111,1129,2017-07-17
User45TweetsTweet1536,Tweets,45,1536,2015-03-15
User97TweetsTweet279,Tweets,97,279,2015-07-07
User99TweetsTweet403,Tweets,99,403,2015-08-17
User29TweetsTweet522,Tweets,29,522,2015-11-11
User3TweetsTweet321,Tweets,3,321,2015-11-15
User40TweetsTweet198,Tweets,40,198,2016-01-16
User147TweetsTweet475,Tweets,147,475,2015-06-04
User30TweetsTweet696,Tweets,30,696,2016-10-23
User63TweetsTweet1277,Tweets,63,1277,2015-03-01
User76TweetsTweet217,Tweets,76,217,2015-02-07
User9TweetsTweet413,Tweets,9,413,2016-07-08
User47TweetsTweet190,Tweets,47,190,2015-06-07
User140TweetsTweet721,Tweets,140,721,2016-12-28
User127TweetsTweet1028,Tweets,127,1028,2017-11-27
User146TweetsTweet553,Tweets,146,553,2015-05-03
User111TweetsTweet1163,Tweets,111,1163,2017-12-19
User90TweetsTweet1330,Tweets,90,1330,2015-05-12
User49TweetsTweet349,Tweets,49,349,2017-12-17
User134TweetsTweet1209,Tweets,134,1209,2016-06-14
User50TweetsTweet586,Tweets,50,586,2016-04-08
User99TweetsTweet851,Tweets,99,851,2017-07-20
User116TweetsTweet220,Tweets,116,220,2017-07-13
User87TweetsTweet401,Tweets,87,401,2015-09-09
User44TweetsTweet1321,Tweets,44,1321,2017-01-07
User134TweetsTweet211,Tweets,134,211,2016-06-23
User56TweetsTweet1586,Tweets,56,1586,2017-03-13
User9TweetsTweet1047,Tweets,9,1047,2017-02-09
User66TweetsTweet1559,Tweets,66,1559,2015-06-13
User32TweetsTweet180,Tweets,32,180,2015-10-13
User75TweetsTweet702,Tweets,75,702,2016-03-02
User68TweetsTweet1334,Tweets,68,1334,2016-06-26
User12TweetsTweet955,Tweets,12,955,2016-08-07
User92TweetsTweet382,Tweets,92,382,2017-07-29
User102TweetsTweet275,Tweets,102,275,2016-12-15
User73TweetsTweet799,Tweets,73,799,2016-03-09
User147TweetsTweet662,Tweets,147,662,2017-05-19
User116TweetsTweet645,Tweets,116,645,2015-05-19
User44TweetsTweet1114,Tweets,44,1114,2016-01-12
User32TweetsTweet179,Tweets,32,179,2016-06-18
User119TweetsTweet1247,Tweets,119,1247,2016-07-09
User113TweetsTweet1478,Tweets,113,1478,2016-06-23
User2TweetsTweet185,Tweets,2,185,2017-05-02
User46TweetsTweet1166,Tweets,46,1166,2017-06-10
User132TweetsTweet637,Tweets,132,637,2017-09-07
User98TweetsTweet152,Tweets,98,152,2015-11-15
User29TweetsTweet1148,Tweets,29,1148,2016-03-13
User126TweetsTweet1472,Tweets,126,1472,2015-02-13
User98TweetsTweet1480,Tweets,98,1480,2017-01-27
User63TweetsTweet619,Tweets,63,619,2016-07-05
User130TweetsTweet447,Tweets,130,447,2015-05-29
User64TweetsTweet400,Tweets,64,400,2017-01-09
User69TweetsTweet464,Tweets,69,464,2015-02-22
User21TweetsTweet195,Tweets,21,195,2017-10-22
User4TweetsTweet651,Tweets,4,651,2017-09-03
User46TweetsTweet1008,Tweets,46,1008,2016-11-17
User102TweetsTweet1352,Tweets,102,1352,2017-09-22
User83TweetsTweet418,Tweets,83,418,2016-11-16
User39TweetsTweet1188,Tweets,39,1188,2017-06-17
User11TweetsTweet956,Tweets,11,956,2015-04-21
User37TweetsTweet1608,Tweets,37,1608,2017-05-28
User20TweetsTweet880,Tweets,20,880,2016-06-04
User55TweetsTweet877,Tweets,55,877,2016-09-09
User145TweetsTweet1208,Tweets,145,1208,2017-06-12
User80TweetsTweet915,Tweets,80,915,2017-08-19
User26TweetsTweet698,Tweets,26,698,2016-12-01
User58TweetsTweet949,Tweets,58,949,2016-05-10
User26TweetsTweet1098,Tweets,26,1098,2017-06-20
User10TweetsTweet1071,Tweets,10,1071,2016-04-16
User87TweetsTweet837,Tweets,87,837,2017-04-01
User79TweetsTweet517,Tweets,79,517,2016-01-25
User99TweetsTweet815,Tweets,99,815,2017-06-12
User36TweetsTweet513,Tweets,36,513,2016-10-15
User56TweetsTweet1099,Tweets,56,1099,2015-07-26
User135TweetsTweet664,Tweets,135,664,2017-09-05
User67TweetsTweet490,Tweets,67,490,2016-12-07
User43TweetsTweet692,Tweets,43,692,2015-12-25
User120TweetsTweet1448,Tweets,120,1448,2016-03-06
User105TweetsTweet1363,Tweets,105,1363,2015-06-11
User17TweetsTweet844,Tweets,17,844,2015-05-20
User33TweetsTweet278,Tweets,33,278,2015-11-05
User47TweetsTweet1416,Tweets,47,1416,2016-09-14
User8TweetsTweet1103,Tweets,8,1103,2015-10-30
User70TweetsTweet389,Tweets,70,389,2015-12-10
User53TweetsTweet1583,Tweets,53,1583,2017-11-25
User144TweetsTweet390,Tweets,144,390,2017-06-02
User143TweetsTweet419,Tweets,143,419,2017-08-10
User8TweetsTweet284,Tweets,8,284,2015-08-12
User13TweetsTweet260,Tweets,13,260,2017-09-17
User61TweetsTweet757,Tweets,61,757,2016-04-01
User49TweetsTweet1378,Tweets,49,1378,2015-08-20
User122TweetsTweet832,Tweets,122,832,2016-05-21
User69TweetsTweet566,Tweets,69,566,2016-07-29
User42TweetsTweet954,Tweets,42,954,2015-07-27
User141TweetsTweet687,Tweets,141,687,2016-03-30
User47TweetsTweet466,Tweets,47,466,2015-03-07
User71TweetsTweet1044,Tweets,71,1044,2016-08-18
User62TweetsTweet1445,Tweets,62,1445,2015-08-13
User114TweetsTweet946,Tweets,114,946,2017-01-05
User1TweetsTweet453,Tweets,1,453,2015-10-23
User22TweetsTweet1217,Tweets,22,1217,2015-07-17
User79TweetsTweet887,Tweets,79,887,2015-08-12
User47TweetsTweet693,Tweets,47,693,2016-06-15
User3TweetsTweet428,Tweets,3,428,2017-02-08
User73TweetsTweet1039,Tweets,73,1039,2016-11-18
User80TweetsTweet516,Tweets,80,516,2017-04-24
User78TweetsTweet811,Tweets,78,811,2015-08-22
User38TweetsTweet1641,Tweets,38,1641,2017-09-24
User119TweetsTweet467,Tweets,119,467,2017-01-17
User13TweetsTweet969,Tweets,13,969,2016-05-11
User117TweetsTweet331,Tweets,117,331,2016-04-15
User126TweetsTweet890,Tweets,126,890,2017-03-27
User25TweetsTweet578,Tweets,25,578,2015-06-11
User57TweetsTweet622,Tweets,57,622,2016-08-25
User78TweetsTweet1368,Tweets,78,1368,2017-03-30
User132TweetsTweet1391,Tweets,132,1391,2017-02-14
User66TweetsTweet311,Tweets,66,311,2016-06-25
User14TweetsTweet530,Tweets,14,530,2016-01-08
User86TweetsTweet1485,Tweets,86,1485,2015-05-13
User22TweetsTweet1185,Tweets,22,1185,2016-10-18
User73TweetsTweet338,Tweets,73,338,2015-04-23
User125TweetsTweet820,Tweets,125,820,2016-03-06
User35TweetsTweet994,Tweets,35,994,2016-03-17
User111TweetsTweet1292,Tweets,111,1292,2016-04-26
User17TweetsTweet1626,Tweets,17,1626,2016-09-03
User17TweetsTweet1262,Tweets,17,1262,2016-10-09
User79TweetsTweet1164,Tweets,79,1164,2017-12-10
User13TweetsTweet1573,Tweets,13,1573,2015-02-07
User57TweetsTweet1554,Tweets,57,1554,2015-03-27
User37TweetsTweet1493,Tweets,37,1493,2015-03-22
User139TweetsTweet1460,Tweets,139,1460,2015-10-23
User35TweetsTweet1213,Tweets,35,1213,2016-09-04
User33TweetsTweet1525,Tweets,33,1525,2017-10-10
User49TweetsTweet1421,Tweets,49,1421,2015-06-04
User143TweetsTweet1154,Tweets,143,1154,2017-06-15
User20TweetsTweet788,Tweets,20,788,2017-05-26
User144TweetsTweet219,Tweets,144,219,2017-09-16
User88TweetsTweet985,Tweets,88,985,2016-11-29
User95TweetsTweet929,Tweets,95,929,2017-10-27
User47TweetsTweet957,Tweets,47,957,2016-03-20
User148TweetsTweet499,Tweets,148,499,2017-04-22
User91TweetsTweet518,Tweets,91,518,2016-06-29
User76TweetsTweet1041,Tweets,76,1041,2016-11-26
User18TweetsTweet1015,Tweets,18,1015,2016-10-16
User18TweetsTweet1426,Tweets,18,1426,2015-08-05
User92TweetsTweet729,Tweets,92,729,2017-06-15
User32TweetsTweet1535,Tweets,32,1535,2017-03-08
User92TweetsTweet559,Tweets,92,559,2015-07-18
User35TweetsTweet850,Tweets,35,850,2016-01-09
User143TweetsTweet1205,Tweets,143,1205,2017-05-21
User81TweetsTweet638,Tweets,81,638,2017-03-18
User141TweetsTweet1348,Tweets,141,1348,2017-12-01
User116TweetsTweet1456,Tweets,116,1456,2016-08-07
User103TweetsTweet1134,Tweets,103,1134,2015-07-01
User8TweetsTweet866,Tweets,8,866,2015-02-11
User65TweetsTweet803,Tweets,65,803,2017-01-14
User2TweetsTweet1588,Tweets,2,1588,2015-12-28
User83TweetsTweet439,Tweets,83,439,2015-09-18
User92TweetsTweet1177,Tweets,92,1177,2017-02-23
User59TweetsTweet571,Tweets,59,571,2017-09-12
User125TweetsTweet968,Tweets,125,968,2015-05-14
User129TweetsTweet446,Tweets,129,446,2016-08-30
User69TweetsTweet1287,Tweets,69,1287,2017-12-29
User88TweetsTweet708,Tweets,88,708,2017-10-16
User97TweetsTweet1232,Tweets,97,1232,2015-08-28
User60TweetsTweet208,Tweets,60,208,2015-08-03
User110TweetsTweet1227,Tweets,110,1227,2016-09-30
User141TweetsTweet1271,Tweets,141,1271,2017-10-24
User3TweetsTweet420,Tweets,3,420,2017-05-11
User20TweetsTweet1072,Tweets,20,1072,2015-05-23
User38TweetsTweet678,Tweets,38,678,2015-02-07
User72TweetsTweet995,Tweets,72,995,2015-07-04
User87TweetsTweet920,Tweets,87,920,2017-05-08
User65TweetsTweet574,Tweets,65,574,2017-09-18
User36TweetsTweet598,Tweets,36,598,2016-05-08
User107TweetsTweet1070,Tweets,107,1070,2016-07-25
User127TweetsTweet1602,Tweets,127,1602,2017-12-16
User58TweetsTweet933,Tweets,58,933,2016-08-11
User97TweetsTweet605,Tweets,97,605,2015-11-24
User104TweetsTweet1141,Tweets,104,1141,2016-04-06
User102TweetsTweet1194,Tweets,102,1194,2015-08-15
User145TweetsTweet253,Tweets,145,253,2015-11-18
User72TweetsTweet1354,Tweets,72,1354,2015-08-27
User69TweetsTweet1617,Tweets,69,1617,2017-06-10
User30TweetsTweet344,Tweets,30,344,2015-03-02
User8TweetsTweet365,Tweets,8,365,2017-07-11
User87TweetsTweet1370,Tweets,87,1370,2017-06-07
User95TweetsTweet549,Tweets,95,549,2015-10-30
User127TweetsTweet1390,Tweets,127,1390,2015-09-13
User128TweetsTweet911,Tweets,128,911,2016-08-08
User146TweetsTweet654,Tweets,146,654,2017-08-23
User4TweetsTweet227,Tweets,4,227,2016-03-27
User90TweetsTweet299,Tweets,90,299,2017-01-06
User81TweetsTweet176,Tweets,81,176,2015-06-25
User31TweetsTweet567,Tweets,31,567,2017-01-28
User146TweetsTweet1073,Tweets,146,1073,2016-02-19
User60TweetsTweet1465,Tweets,60,1465,2017-08-24
User58TweetsTweet1002,Tweets,58,1002,2017-05-19
User79TweetsTweet407,Tweets,79,407,2017-09-30
User10TweetsTweet867,Tweets,10,867,2016-04-30
User24TweetsTweet1297,Tweets,24,1297,2016-09-20
User108TweetsTweet935,Tweets,108,935,2016-12-09
User63TweetsTweet328,Tweets,63,328,2017-11-12
User61TweetsTweet722,Tweets,61,722,2015-09-30
User138TweetsTweet695,Tweets,138,695,2017-03-14
User88TweetsTweet681,Tweets,88,681,2017-10-02
User5TweetsTweet520,Tweets,5,520,2015-03-29
User4TweetsTweet1410,Tweets,4,1410,2017-07-23
User134TweetsTweet1403,Tweets,134,1403,2016-01-18
User35TweetsTweet1301,Tweets,35,1301,2015-06-20
User31TweetsTweet1584,Tweets,31,1584,2015-08-29
User35TweetsTweet435,Tweets,35,435,2016-07-24
User145TweetsTweet1066,Tweets,145,1066,2015-06-15
User48TweetsTweet1337,Tweets,48,1337,2016-05-17
User92TweetsTweet1419,Tweets,92,1419,2017-01-05
User25TweetsTweet1539,Tweets,25,1539,2017-09-28
User62TweetsTweet1439,Tweets,62,1439,2016-05-11
User58TweetsTweet287,Tweets,58,287,2016-05-30
User12TweetsTweet209,Tweets,12,209,2015-03-24
User63TweetsTweet441,Tweets,63,441,2015-03-24
User117TweetsTweet364,Tweets,117,364,2017-02-09
User36TweetsTweet1623,Tweets,36,1623,2017-11-29
User140TweetsTweet878,Tweets,140,878,2015-09-16
User131TweetsTweet1592,Tweets,131,1592,2015-12-15
User91TweetsTweet1435,Tweets,91,1435,2017-08-26
User114TweetsTweet885,Tweets,114,885,2017-02-25
User30TweetsTweet841,Tweets,30,841,2016-10-27
User146TweetsTweet202,Tweets,146,202,2017-03-27
User134TweetsTweet164,Tweets,134,164,2017-10-02
User68TweetsTweet1315,Tweets,68,1315,2016-07-31
User8TweetsTweet1138,Tweets,8,1138,2017-10-23
User111TweetsTweet1638,Tweets,111,1638,2016-12-28
User93TweetsTweet1067,Tweets,93,1067,2016-02-25
User107TweetsTweet1504,Tweets,107,1504,2015-08-23
User76TweetsTweet1145,Tweets,76,1145,2016-04-16
User144TweetsTweet860,Tweets,144,860,2016-07-17
User24TweetsTweet1137,Tweets,24,1137,2015-12-28
User30TweetsTweet822,Tweets,30,822,2015-08-25
User141TweetsTweet1528,Tweets,141,1528,2017-09-04
User84TweetsTweet411,Tweets,84,411,2017-04-14
User60TweetsTweet1541,Tweets,60,1541,2015-02-08
User21TweetsTweet1086,Tweets,21,1086,2015-11-16
User38TweetsTweet1462,Tweets,38,1462,2016-07-05
User79TweetsTweet527,Tweets,79,527,2017-05-03
User67TweetsTweet1153,Tweets,67,1153,2017-05-19
User87TweetsTweet1080,Tweets,87,1080,2017-07-12
User86TweetsTweet1104,Tweets,86,1104,2015-07-19
User8TweetsTweet158,Tweets,8,158,2015-11-07
User127TweetsTweet1635,Tweets,127,1635,2017-05-25
User148TweetsTweet561,Tweets,148,561,2017-05-10
User123TweetsTweet1486,Tweets,123,1486,2015-06-12
User73TweetsTweet1446,Tweets,73,1446,2016-11-23
User51TweetsTweet639,Tweets,51,639,2015-12-31
User137TweetsTweet544,Tweets,137,544,2016-08-01
User66TweetsTweet457,Tweets,66,457,2015-05-23
User12TweetsTweet833,Tweets,12,833,2016-01-30
User135TweetsTweet901,Tweets,135,901,2017-06-10
User104TweetsTweet1624,Tweets,104,1624,2015-01-27
User108TweetsTweet633,Tweets,108,633,2015-04-07
User95TweetsTweet222,Tweets,95,222,2016-02-12
User136TweetsTweet425,Tweets,136,425,2017-04-30
User66TweetsTweet1018,Tweets,66,1018,2017-04-02
User12TweetsTweet593,Tweets,12,593,2015-02-13
User17TweetsTweet436,Tweets,17,436,2016-10-11
User69TweetsTweet1577,Tweets,69,1577,2015-06-01
User102TweetsTweet1296,Tweets,102,1296,2017-08-17
User86TweetsTweet1566,Tweets,86,1566,2017-09-08
User70TweetsTweet647,Tweets,70,647,2016-05-22
User147TweetsTweet800,Tweets,147,800,2015-08-30
User55TweetsTweet302,Tweets,55,302,2017-12-28
User15TweetsTweet1276,Tweets,15,1276,2017-07-01
User131TweetsTweet562,Tweets,131,562,2017-11-09
User3TweetsTweet1490,Tweets,3,1490,2016-06-12
User66TweetsTweet846,Tweets,66,846,2017-04-12
User40TweetsTweet836,Tweets,40,836,2015-01-31
User126TweetsTweet1157,Tweets,126,1157,2017-02-24
User136TweetsTweet986,Tweets,136,986,2015-08-28
User46TweetsTweet1256,Tweets,46,1256,2015-02-10
User95TweetsTweet981,Tweets,95,981,2015-05-13
User27TweetsTweet1587,Tweets,27,1587,2015-04-01
User87TweetsTweet1639,Tweets,87,1639,2017-02-03
User70TweetsTweet891,Tweets,70,891,2015-05-19
User7TweetsTweet922,Tweets,7,922,2016-01-19
User57TweetsTweet252,Tweets,57,252,2015-06-24
User91TweetsTweet629,Tweets,91,629,2017-05-28
User88TweetsTweet454,Tweets,88,454,2015-04-05
User136TweetsTweet760,Tweets,136,760,2016-10-18
User24TweetsTweet1299,Tweets,24,1299,2016-05-19
User52TweetsTweet1280,Tweets,52,1280,2016-12-24
User79TweetsTweet726,Tweets,79,726,2017-08-10
User15TweetsTweet458,Tweets,15,458,2016-01-28
User50TweetsTweet1003,Tweets,50,1003,2017-06-09
User97TweetsTweet1322,Tweets,97,1322,2015-05-09
User114TweetsTweet473,Tweets,114,473,2016-02-18
User125TweetsTweet734,Tweets,125,734,2015-09-18
User42TweetsTweet206,Tweets,42,206,2017-04-03
User11TweetsTweet213,Tweets,11,213,2017-10-27
User119TweetsTweet1102,Tweets,119,1102,2017-07-11
User38TweetsTweet1457,Tweets,38,1457,2015-07-18
User63TweetsTweet831,Tweets,63,831,2017-07-29
User39TweetsTweet908,Tweets,39,908,2017-07-12
User50TweetsTweet656,Tweets,50,656,2016-10-20
User25TweetsTweet780,Tweets,25,780,2015-12-10
User106TweetsTweet898,Tweets,106,898,2017-03-31
User18TweetsTweet1130,Tweets,18,1130,2016-02-26
User50TweetsTweet1284,Tweets,50,1284,2017-03-26
User38TweetsTweet1117,Tweets,38,1117,2017-07-18
User54TweetsTweet1442,Tweets,54,1442,2016-05-29
User107TweetsTweet1474,Tweets,107,1474,2017-03-22
User22TweetsTweet1611,Tweets,22,1611,2017-01-28
User133TweetsTweet434,Tweets,133,434,2016-06-02
User47TweetsTweet754,Tweets,47,754,2015-05-14
User124TweetsTweet268,Tweets,124,268,2015-03-06
User66TweetsTweet1438,Tweets,66,1438,2015-02-05
User88TweetsTweet361,Tweets,88,361,2017-06-21
User17TweetsTweet1578,Tweets,17,1578,2016-03-07
User140TweetsTweet1109,Tweets,140,1109,2016-12-25
User15TweetsTweet1542,Tweets,15,1542,2015-02-09
User51TweetsTweet744,Tweets,51,744,2015-10-08
User141TweetsTweet1060,Tweets,141,1060,2017-11-19
User88TweetsTweet480,Tweets,88,480,2016-04-28
User75TweetsTweet1351,Tweets,75,1351,2016-05-14
User4TweetsTweet1075,Tweets,4,1075,2016-02-16
User33TweetsTweet1524,Tweets,33,1524,2015-08-15
User134TweetsTweet1320,Tweets,134,1320,2016-05-09
User92TweetsTweet899,Tweets,92,899,2016-04-04
User133TweetsTweet1261,Tweets,133,1261,2017-12-10
User16TweetsTweet677,Tweets,16,677,2016-09-13
User2TweetsTweet1646,Tweets,2,1646,2016-04-17
User34TweetsTweet1323,Tweets,34,1323,2016-10-12
User120TweetsTweet1394,Tweets,120,1394,2016-05-20
User75TweetsTweet1373,Tweets,75,1373,2017-10-14
User26TweetsTweet547,Tweets,26,547,2015-08-11
User86TweetsTweet672,Tweets,86,672,2015-10-23
User64TweetsTweet959,Tweets,64,959,2015-11-06
User76TweetsTweet652,Tweets,76,652,2016-07-24
User98TweetsTweet160,Tweets,98,160,2017-03-15
User136TweetsTweet1475,Tweets,136,1475,2017-12-01
User13TweetsTweet194,Tweets,13,194,2017-06-09
User7TweetsTweet1599,Tweets,7,1599,2017-05-03
User36TweetsTweet175,Tweets,36,175,2017-06-04
User147TweetsTweet852,Tweets,147,852,2015-10-02
User46TweetsTweet1306,Tweets,46,1306,2015-08-14
User19TweetsTweet1052,Tweets,19,1052,2016-10-06
User87TweetsTweet771,Tweets,87,771,2016-05-06
User98TweetsTweet570,Tweets,98,570,2017-10-11
User35TweetsTweet388,Tweets,35,388,2016-03-03
User135TweetsTweet424,Tweets,135,424,2016-06-11
User117TweetsTweet655,Tweets,117,655,2016-03-06
User107TweetsTweet938,Tweets,107,938,2015-07-04
User71TweetsTweet1082,Tweets,71,1082,2017-03-06
User5TweetsTweet1356,Tweets,5,1356,2017-02-22
User106TweetsTweet1487,Tweets,106,1487,2017-11-17
User30TweetsTweet373,Tweets,30,373,2015-03-02
User26TweetsTweet774,Tweets,26,774,2016-09-30
User134TweetsTweet1458,Tweets,134,1458,2016-01-23
User102TweetsTweet1270,Tweets,102,1270,2016-09-30
User136TweetsTweet725,Tweets,136,725,2017-07-03
User116TweetsTweet766,Tweets,116,766,2016-08-11
User31TweetsTweet1450,Tweets,31,1450,2015-03-07
User140TweetsTweet939,Tweets,140,939,2015-07-02
User56TweetsTweet343,Tweets,56,343,2017-07-31
User64TweetsTweet843,Tweets,64,843,2016-06-17
User138TweetsTweet893,Tweets,138,893,2016-04-10
User31TweetsTweet609,Tweets,31,609,2017-08-02
User4TweetsTweet675,Tweets,4,675,2016-05-04
User118TweetsTweet1500,Tweets,118,1500,2017-09-14
User138TweetsTweet1622,Tweets,138,1622,2017-08-23
User120TweetsTweet1266,Tweets,120,1266,2017-07-19
User21TweetsTweet926,Tweets,21,926,2016-10-31
User97TweetsTweet536,Tweets,97,536,2015-02-02
User14TweetsTweet793,Tweets,14,793,2016-05-08
User24TweetsTweet1272,Tweets,24,1272,2016-03-21
User7TweetsTweet210,Tweets,7,210,2016-07-07
User39TweetsTweet641,Tweets,39,641,2017-04-06
User84TweetsTweet855,Tweets,84,855,2015-03-23
User92TweetsTweet362,Tweets,92,362,2017-10-07
User114TweetsTweet1395,Tweets,114,1395,2017-12-25
User114TweetsTweet796,Tweets,114,796,2016-10-15
User31TweetsTweet1471,Tweets,31,1471,2015-06-15
User101TweetsTweet385,Tweets,101,385,2017-08-31
User109TweetsTweet971,Tweets,109,971,2016-04-01
User2TweetsTweet1160,Tweets,2,1160,2016-06-24
User92TweetsTweet1210,Tweets,92,1210,2017-01-14
User36TweetsTweet858,Tweets,36,858,2016-07-13
User133TweetsTweet1236,Tweets,133,1236,2016-02-29
User104TweetsTweet640,Tweets,104,640,2016-02-16
User47TweetsTweet1413,Tweets,47,1413,2017-01-19
User43TweetsTweet1013,Tweets,43,1013,2016-11-07
User110TweetsTweet197,Tweets,110,197,2015-08-13
User100TweetsTweet1065,Tweets,100,1065,2015-03-29
User6TweetsTweet1183,Tweets,6,1183,2017-09-20
User44TweetsTweet978,Tweets,44,978,2016-07-02
User98TweetsTweet318,Tweets,98,318,2015-11-26
User102TweetsTweet611,Tweets,102,611,2015-12-23
User84TweetsTweet1345,Tweets,84,1345,2017-10-22
User121TweetsTweet1216,Tweets,121,1216,2016-08-04
User10TweetsTweet269,Tweets,10,269,2015-09-16
User53TweetsTweet1519,Tweets,53,1519,2017-10-09
User34TweetsTweet871,Tweets,34,871,2017-08-11
User21TweetsTweet524,Tweets,21,524,2017-09-30
User77TweetsTweet1567,Tweets,77,1567,2016-07-24
User124TweetsTweet309,Tweets,124,309,2017-01-14
User123TweetsTweet249,Tweets,123,249,2017-06-23
User77TweetsTweet381,Tweets,77,381,2016-02-16
User26TweetsTweet869,Tweets,26,869,2016-06-05
User117TweetsTweet380,Tweets,117,380,2016-07-04
User8TweetsTweet1412,Tweets,8,1412,2017-07-15
User7TweetsTweet1159,Tweets,7,1159,2017-01-28
User7TweetsTweet1517,Tweets,7,1517,2016-07-09
User77TweetsTweet288,Tweets,77,288,2016-03-09
User3TweetsTweet1305,Tweets,3,1305,2017-10-09
User143TweetsTweet469,Tweets,143,469,2016-02-09
User135TweetsTweet462,Tweets,135,462,2015-02-04
User100TweetsTweet1252,Tweets,100,1252,2016-10-02
User102TweetsTweet657,Tweets,102,657,2016-12-05
User44TweetsTweet1095,Tweets,44,1095,2016-08-28
User61TweetsTweet1295,Tweets,61,1295,2016-03-03
User111TweetsTweet301,Tweets,111,301,2016-12-20
User82TweetsTweet214,Tweets,82,214,2016-02-01
User45TweetsTweet642,Tweets,45,642,2017-06-07
User43TweetsTweet201,Tweets,43,201,2016-11-19
User45TweetsTweet533,Tweets,45,533,2017-01-20
User39TweetsTweet396,Tweets,39,396,2017-11-19
User93TweetsTweet627,Tweets,93,627,2017-04-18
User29TweetsTweet801,Tweets,29,801,2016-06-12
User31TweetsTweet990,Tweets,31,990,2016-05-09
User58TweetsTweet1437,Tweets,58,1437,2015-07-03
User27TweetsTweet826,Tweets,27,826,2015-03-10
User33TweetsTweet500,Tweets,33,500,2015-09-27
User47TweetsTweet359,Tweets,47,359,2016-02-20
User19TweetsTweet707,Tweets,19,707,2016-08-18
User78TweetsTweet408,Tweets,78,408,2016-04-01
User51TweetsTweet1408,Tweets,51,1408,2016-07-17
User128TweetsTweet1418,Tweets,128,1418,2016-02-10
User2TweetsTweet648,Tweets,2,648,2016-01-12
User144TweetsTweet1549,Tweets,144,1549,2015-02-01
User20TweetsTweet1349,Tweets,20,1349,2016-06-01
User124TweetsTweet376,Tweets,124,376,2015-03-25
User4TweetsTweet1243,Tweets,4,1243,2015-07-21
User5TweetsTweet694,Tweets,5,694,2017-07-19
User26TweetsTweet1428,Tweets,26,1428,2015-06-25
User83TweetsTweet711,Tweets,83,711,2015-11-12
User31TweetsTweet313,Tweets,31,313,2015-05-24
User39TweetsTweet1529,Tweets,39,1529,2016-09-07
User94TweetsTweet429,Tweets,94,429,2016-07-10
User143TweetsTweet1192,Tweets,143,1192,2015-03-25
User131TweetsTweet250,Tweets,131,250,2016-09-03
User3TweetsTweet189,Tweets,3,189,2017-01-30
User135TweetsTweet1489,Tweets,135,1489,2015-08-01
User16TweetsTweet1238,Tweets,16,1238,2017-10-29
User34TweetsTweet154,Tweets,34,154,2015-05-08
User60TweetsTweet1372,Tweets,60,1372,2016-04-11
User125TweetsTweet1255,Tweets,125,1255,2016-07-31
User132TweetsTweet795,Tweets,132,795,2015-07-03
User73TweetsTweet1400,Tweets,73,1400,2017-08-21
User61TweetsTweet298,Tweets,61,298,2016-10-13
User38TweetsTweet240,Tweets,38,240,2017-03-16
User79TweetsTweet199,Tweets,79,199,2017-07-10
User103TweetsTweet1481,Tweets,103,1481,2015-05-24
User146TweetsTweet535,Tweets,146,535,2016-09-27
User103TweetsTweet783,Tweets,103,783,2017-05-30
User71TweetsTweet813,Tweets,71,813,2016-07-27
User134TweetsTweet1466,Tweets,134,1466,2016-06-05
User33TweetsTweet575,Tweets,33,575,2016-02-10
User119TweetsTweet370,Tweets,119,370,2015-08-30
User17TweetsTweet1396,Tweets,17,1396,2015-03-25
User17TweetsTweet1121,Tweets,17,1121,2017-08-18
User147TweetsTweet1402,Tweets,147,1402,2017-09-01
User38TweetsTweet1581,Tweets,38,1581,2015-07-30
User86TweetsTweet1124,Tweets,86,1124,2017-01-18
User42TweetsTweet1496,Tweets,42,1496,2017-06-13
User89TweetsTweet528,Tweets,89,528,2017-09-13
User64TweetsTweet1381,Tweets,64,1381,2015-12-17
User20TweetsTweet872,Tweets,20,872,2015-11-30
User124TweetsTweet644,Tweets,124,644,2015-12-11
User134TweetsTweet737,Tweets,134,737,2016-02-07
User28TweetsTweet316,Tweets,28,316,2016-02-07
User149TweetsTweet1074,Tweets,149,1074,2017-12-16
User56TweetsTweet157,Tweets,56,157,2016-12-29
User95TweetsTweet1355,Tweets,95,1355,2016-06-17
User107TweetsTweet1470,Tweets,107,1470,2017-01-16
User99TweetsTweet717,Tweets,99,717,2015-07-18
User58TweetsTweet659,Tweets,58,659,2015-04-23
User136TweetsTweet828,Tweets,136,828,2017-10-12
User126TweetsTweet1131,Tweets,126,1131,2015-07-04
User6TweetsTweet743,Tweets,6,743,2016-09-18
User24TweetsTweet984,Tweets,24,984,2015-10-22
User59TweetsTweet1263,Tweets,59,1263,2015-07-08
User78TweetsTweet680,Tweets,78,680,2015-03-15
User124TweetsTweet809,Tweets,124,809,2015-06-13
User20TweetsTweet1547,Tweets,20,1547,2016-07-02
User114TweetsTweet1254,Tweets,114,1254,2016-12-18
User100TweetsTweet1288,Tweets,100,1288,2017-01-29
User116TweetsTweet1361,Tweets,116,1361,2017-09-24
User27TweetsTweet1077,Tweets,27,1077,2016-06-01
User23TweetsTweet394,Tweets,23,394,2016-08-16
User14TweetsTweet1093,Tweets,14,1093,2017-01-10
User99TweetsTweet372,Tweets,99,372,2015-02-26
User108TweetsTweet1222,Tweets,108,1222,2015-09-30
User124TweetsTweet1610,Tweets,124,1610,2017-05-02
User71TweetsTweet747,Tweets,71,747,2016-12-20
User130TweetsTweet296,Tweets,130,296,2015-04-06
User33TweetsTweet1264,Tweets,33,1264,2015-05-18
User67TweetsTweet798,Tweets,67,798,2015-10-24
User94TweetsTweet1634,Tweets,94,1634,2017-11-29
User126TweetsTweet989,Tweets,126,989,2016-12-23
User53TweetsTweet670,Tweets,53,670,2017-04-06
User45TweetsTweet713,Tweets,45,713,2017-06-20
User44TweetsTweet1585,Tweets,44,1585,2016-12-11
User128TweetsTweet1231,Tweets,128,1231,2017-07-30
User126TweetsTweet151,Tweets,126,151,2015-01-27
User100TweetsTweet1422,Tweets,100,1422,2016-02-07
User148TweetsTweet653,Tweets,148,653,2017-12-11
User75TweetsTweet1051,Tweets,75,1051,2017-09-10
User52TweetsTweet636,Tweets,52,636,2015-06-05
User118TweetsTweet896,Tweets,118,896,2015-07-06
User106TweetsTweet1302,Tweets,106,1302,2015-08-21
User39TweetsTweet1538,Tweets,39,1538,2015-11-07
User149TweetsTweet521,Tweets,149,521,2015-02-26
User28TweetsTweet970,Tweets,28,970,2016-08-16
User12TweetsTweet398,Tweets,12,398,2016-01-29
User63TweetsTweet1038,Tweets,63,1038,2015-08-08
User142TweetsTweet226,Tweets,142,226,2017-11-04
User149TweetsTweet740,Tweets,149,740,2017-09-23
User117TweetsTweet1477,Tweets,117,1477,2016-05-28
User104TweetsTweet784,Tweets,104,784,2016-01-21
User3TweetsTweet874,Tweets,3,874,2015-02-11
User6TweetsTweet840,Tweets,6,840,2015-06-22
User122TweetsTweet505,Tweets,122,505,2016-01-11
User102TweetsTweet1204,Tweets,102,1204,2015-03-10
User148TweetsTweet421,Tweets,148,421,2017-08-29
User52TweetsTweet758,Tweets,52,758,2017-10-04
User14TweetsTweet812,Tweets,14,812,2015-05-14
User147TweetsTweet523,Tweets,147,523,2017-11-28
User78TweetsTweet608,Tweets,78,608,2015-10-26
User120TweetsTweet827,Tweets,120,827,2016-10-31
User50TweetsTweet223,Tweets,50,223,2017-02-21
User18TweetsTweet445,Tweets,18,445,2017-07-29
User100TweetsTweet879,Tweets,100,879,2015-05-30
User1TweetsTweet1045,Tweets,1,1045,2017-11-11
User20TweetsTweet1389,Tweets,20,1389,2016-11-14
User135TweetsTweet1384,Tweets,135,1384,2016-07-24
User12TweetsTweet1004,Tweets,12,1004,2017-10-22
User51TweetsTweet172,Tweets,51,172,2015-06-11
User115TweetsTweet205,Tweets,115,205,2016-10-03
User61TweetsTweet519,Tweets,61,519,2017-01-01
User15TweetsTweet663,Tweets,15,663,2016-04-04
User29TweetsTweet377,Tweets,29,377,2016-02-20
User8TweetsTweet1560,Tweets,8,1560,2016-11-20
User72TweetsTweet1344,Tweets,72,1344,2015-09-11
User39TweetsTweet1545,Tweets,39,1545,2015-04-09
User16TweetsTweet999,Tweets,16,999,2015-06-09
User49TweetsTweet1427,Tweets,49,1427,2017-10-21
User83TweetsTweet1621,Tweets,83,1621,2015-07-08
User45TweetsTweet603,Tweets,45,603,2017-08-02
User3TweetsTweet960,Tweets,3,960,2016-10-19
User70TweetsTweet182,Tweets,70,182,2016-02-05
User144TweetsTweet903,Tweets,144,903,2016-08-25
User82TweetsTweet916,Tweets,82,916,2017-10-21
User85TweetsTweet493,Tweets,85,493,2016-09-08
User55TweetsTweet531,Tweets,55,531,2017-11-18
User28TweetsTweet300,Tweets,28,300,2016-04-04
User39TweetsTweet973,Tweets,39,973,2016-09-04
User10TweetsTweet384,Tweets,10,384,2017-05-16
User74TweetsTweet476,Tweets,74,476,2016-04-06
User4TweetsTweet515,Tweets,4,515,2017-11-12
User40TweetsTweet1019,Tweets,40,1019,2015-07-17
User42TweetsTweet1346,Tweets,42,1346,2017-04-06
User116TweetsTweet427,Tweets,116,427,2015-05-07
User77TweetsTweet1619,Tweets,77,1619,2017-08-10
User77TweetsTweet416,Tweets,77,416,2016-02-17
User58TweetsTweet1552,Tweets,58,1552,2016-11-18
User37TweetsTweet243,Tweets,37,243,2015-05-09
User2TweetsTweet661,Tweets,2,661,2015-10-21
User66TweetsTweet718,Tweets,66,718,2016-06-20
User99TweetsTweet367,Tweets,99,367,2016-02-23
User139TweetsTweet358,Tweets,139,358,2016-09-16
User80TweetsTweet1281,Tweets,80,1281,2016-11-21
User96TweetsTweet965,Tweets,96,965,2017-01-10
User6TweetsTweet1455,Tweets,6,1455,2017-11-01
User149TweetsTweet912,Tweets,149,912,2017-04-27
User1TweetsTweet1017,Tweets,1,1017,2016-03-28
User1TweetsTweet1511,Tweets,1,1511,2015-08-12
User1TweetsTweet1158,Tweets,1,1158,2016-10-11
User1TweetsTweet791,Tweets,1,791,2015-05-19
User1TweetsTweet1603,Tweets,1,1603,2015-12-14
User1TweetsTweet187,Tweets,1,187,2016-02-29
User1TweetsTweet1085,Tweets,1,1085,2015-07-29
User1TweetsTweet1627,Tweets,1,1627,2015-12-29
User1TweetsTweet1246,Tweets,1,1246,2016-05-12
User1TweetsTweet1113,Tweets,1,1113,2017-11-18
User1TweetsTweet862,Tweets,1,862,2015-09-20
User1TweetsTweet1055,Tweets,1,1055,2017-07-22
User1TweetsTweet1650,Tweets,1,1650,2017-04-23
User1TweetsTweet191,Tweets,1,191,2017-02-24
User1TweetsTweet417,Tweets,1,417,2015-11-18
User1TweetsTweet1234,Tweets,1,1234,2017-10-15
User1TweetsTweet1133,Tweets,1,1133,2017-05-11
User1TweetsTweet286,Tweets,1,286,2017-03-20
User1TweetsTweet1224,Tweets,1,1224,2015-10-02
User1TweetsTweet1553,Tweets,1,1553,2017-05-15
User1TweetsTweet1404,Tweets,1,1404,2017-03-15
User1TweetsTweet1376,Tweets,1,1376,2016-07-28
User1TweetsTweet1570,Tweets,1,1570,2017-06-04
User1TweetsTweet1629,Tweets,1,1629,2016-10-01
User1TweetsTweet1579,Tweets,1,1579,2015-08-21
User1TweetsTweet238,Tweets,1,238,2017-01-28
User1TweetsTweet1034,Tweets,1,1034,2015-05-13
User1TweetsTweet924,Tweets,1,924,2015-10-24
User1TweetsTweet613,Tweets,1,613,2016-01-05
User1TweetsTweet1509,Tweets,1,1509,2016-09-17
User1TweetsTweet357,Tweets,1,357,2017-09-17
User1TweetsTweet884,Tweets,1,884,2015-05-10
User1TweetsTweet1499,Tweets,1,1499,2015-03-14
User1TweetsTweet483,Tweets,1,483,2017-01-14
User1TweetsTweet1182,Tweets,1,1182,2017-04-13
User1TweetsTweet541,Tweets,1,541,2016-07-15
User1TweetsTweet1184,Tweets,1,1184,2017-08-27
User1TweetsTweet1431,Tweets,1,1431,2016-02-26
User1TweetsTweet196,Tweets,1,196,2015-08-11
User1TweetsTweet440,Tweets,1,440,2015-12-15
User1TweetsTweet555,Tweets,1,555,2017-01-18
User1TweetsTweet1016,Tweets,1,1016,2016-08-20
User1TweetsTweet1630,Tweets,1,1630,2015-08-02
User1TweetsTweet443,Tweets,1,443,2016-09-21
User1TweetsTweet1359,Tweets,1,1359,2016-12-20
User1TweetsTweet838,Tweets,1,838,2017-04-29
User1TweetsTweet451,Tweets,1,451,2016-08-21
User1TweetsTweet835,Tweets,1,835,2015-08-18
User1TweetsTweet914,Tweets,1,914,2015-12-30
User1TweetsTweet478,Tweets,1,478,2015-02-07
